18	70500017	rs180868378	T	C	0.0005
18	70500098	rs7235160	A	G	0.4606
18	70500138	rs142913733	TG	T	0.0156
18	70500199	rs186532342	A	C	0.0005
18	70500383	rs191440914	G	C	0.005
18	70500459	rs149884244	G	A	0.0009
18	70500526	rs182521369	C	A	0.0018
18	70500541	rs2226852	C	G	-1
18	70500570	rs187553115	A	G	0.0005
18	70500591	rs17086409	G	A	0.0124
18	70500600	rs7506462	T	C	-1
18	70500890	rs190517561	A	G	0.0018
18	70500981	rs34682747	C	CT	-1
18	70501083	rs183502095	G	A	0.0009
18	70501093	rs2000810	G	T	0.011
18	70501109	rs188990169	C	G	0.0005
18	70501115	rs192478899	A	G	0.0032
18	70501178	rs143847320	G	A	0.0005
18	70501182	rs182835856	T	A	0.0005
18	70501229	rs79448185	T	C	0.0041
18	70501284	rs148640421	C	T	0.0037
18	70501558	rs144297139	C	T	0.0009
18	70501767	rs2156099	T	C	0.4799
18	70501870	rs187465903	A	T	0.0037
18	70501931	rs191752148	G	A	0.0014
18	70502015	rs147836024	C	T	0.0014
18	70502063	rs183879795	T	C	0.0005
18	70502064	rs34115609	T	TG	-1
18	70502124	rs113685361	A	G	-1
18	70502134	rs141310105	A	T	0.0018
18	70502154	rs145314158	T	C	0.0009
18	70502167	rs115969255	A	T	0.0197
18	70502349	rs151013769	C	T	0.0005
18	70502420	rs189048418	C	T	0.0005
18	70502451	rs114870720	G	A	0.006
18	70502469	rs192038178	G	C	0.0009
18	70502525	rs115686868	T	C	0.011
18	70502598	rs185726871	T	G	0.0009
18	70502645	rs17086412	G	C	0.0174
18	70502707	rs190630791	T	G	0.0009
18	70502846	rs140866863	C	A	0.0005
18	70502850	rs150405847	T	G	0.0023
18	70502853	rs77710354	T	C	0.0408
18	70502862	rs17086414	G	A	0.114
18	70503047	rs77078564	G	A	0.0201
18	70503053	rs17795324	A	G	0.2179
18	70503065	rs138142922	T	G	0.0005
18	70503075	rs4891488	A	G	0.2436
18	70503098	rs141323130	A	G	0.0037
18	70503115	rs57053951	G	A	0.0114
18	70503186	rs77766139	A	G	0.0046
18	70503207	rs17086417	C	T	0.0174
18	70503213	rs138891343	C	T	0.0032
18	70503214	rs142160860	G	A	0.0005
18	70503235	rs181933103	C	T	0.0018
18	70503361	rs4892048	C	T	0.2582
18	70503385	rs186112181	G	A	0.0005
18	70503394	rs4892049	C	T	0.2569
18	70503455	rs189028818	G	A	0.0018
18	70503480	rs4892050	C	T	0.2573
18	70503500	rs143748612	C	T	0.0018
18	70503533	rs148168081	C	T	0.0041
18	70503765	rs181338352	T	C	0.0005
18	70503873	rs185608531	T	C	0.0005
18	70503945	rs190770738	G	A	0.0005
18	70503948	rs35490541	A	AG	-1
18	70503990	rs141977236	C	T	0.0014
18	70504011	rs8092691	A	G	0.0618
18	70504022	rs183002787	G	A	0.0009
18	70504053	rs8093076	G	A	0.0618
18	70504109	rs150520144	T	C	0.0009
18	70504189	rs140293963	C	T	0.0009
18	70504192	rs187406063	G	C	0.0014
18	70504230	rs12968923	T	C	0.4679
18	70504241	rs142766475	T	C	0.0018
18	70504245	rs147373833	A	G	0.0037
18	70504271	rs192304224	C	T	0.0014
18	70504294	rs11661782	C	T	0.0641
18	70504468	rs11661882	G	A	0.0641
18	70504470	rs11661883	G	T	0.0641
18	70504518	rs74550068	T	C	0.0124
18	70504609	rs9954326	G	A	0.0641
18	70504666	rs115662154	C	T	0.0041
18	70504722	rs139521927	C	T	0.0014
18	70504769	rs9954519	G	T	0.0641
18	70504800	rs77039631	C	A	0.0188
18	70504885	rs9966752	T	A	0.1456
18	70504901	rs8097520	C	G	0.0655
18	70504962	rs145255980	G	T	0.0009
18	70505040	rs144974968	C	T	0.0009
18	70505118	rs117932676	C	T	0.0408
18	70505119	rs34047117	T	TG	-1
18	70505134	rs6566667	T	C	0.0641
18	70505153	rs148702025	C	T	0.0009
18	70505177	rs113658721	G	C	-1
18	70505219	rs112442816	C	T	-1
18	70505223	rs190864904	C	T	-1
18	70505473	rs1943669	C	T	0.0641
18	70505486	rs183711155	T	C	0.0005
18	70505530	rs17795462	C	T	0.2569
18	70505552	rs187961105	G	A	0.0005
18	70505562	rs1943668	C	T	0.0641
18	70505614	rs1943667	T	C	0.0641
18	70505636	rs142219670	A	T	0.0018
18	70505646	rs151044820	T	C	0.0005
18	70505741	rs191195266	G	T	0.0005
18	70505813	rs182655514	C	T	0.0009
18	70505841	rs77367563	G	C	-1
18	70505892	rs6566668	T	C	0.0641
18	70506011	rs6566669	T	G	0.4679
18	70506023	rs186987074	A	G	0.0005
18	70506050	rs6566670	T	C	0.0641
18	70506159	rs192298443	T	C	0.0005
18	70506164	rs8089082	C	T	0.0133
18	70506191	rs111477509	T	C	-1
18	70506264	rs9319855	A	C	0.0641
18	70506278	rs141204895	G	A	0.0055
18	70506332	rs185304730	A	G	0.0005
18	70506399	rs73966684	G	A	0.049
18	70506485	rs189837325	T	C	0.0005
18	70506491	rs144952144	G	C	0.0009
18	70506542	rs193266927	C	A	0.0005
18	70506580	rs9319856	C	T	0.0641
18	70506605	rs9960705	C	T	0.0623
18	70506640	rs9949942	T	C	0.0641
18	70506750	rs9950054	T	C	0.065
18	70506850	rs36181119	A	G	-1
18	70506855	rs35742015	A	ACTC	0.0655
18	70506855	rs56660728	A	ACTC	-1
18	70506856	rs35741842	C	CCTC	-1
18	70506859	rs77726366	A	C	-1
18	70506927	rs17086430	T	C	0.0179
18	70506963	rs185437967	A	G	0.0005
18	70507028	rs67818799	CATGTT	C	0.0655
18	70507030	rs35789064	TGTTAT	T	-1
18	70507031	rs72634471	G	A	-1
18	70507032	rs201732042	T	A	-1
18	70507048	rs9961098	C	T	0.0641
18	70507072	rs8090226	A	T	0.0641
18	70507099	rs188384790	T	C	0.0023
18	70507120	rs117049021	G	A	0.0005
18	70507135	rs180801402	C	T	0.0005
18	70507137	rs112669249	A	G	-1
18	70507184	rs77328585	T	C	0.0142
18	70507258	rs146823367	C	T	0.0014
18	70507329	rs140567784	T	C	0.0009
18	70507333	rs76446973	T	A	0.0147
18	70507363	rs77816904	G	T	-1
18	70507425	rs150458805	A	T	0.0005
18	70507445	rs75397946	G	A	0.0009
18	70507457	rs6566671	G	A	0.0641
18	70507479	rs185856726	A	G	0.0005
18	70507506	rs6566672	A	T	0.0641
18	70507507	rs188659068	A	C	0.0005
18	70507557	rs138266282	C	T	0.0005
18	70507558	rs8094718	G	A	0.1387
18	70507614	rs181084181	G	A	0.0009
18	70507646	rs56338566	C	T	-1
18	70507650	rs149652294	T	C	0.0018
18	70507731	rs138687095	G	C	0.005
18	70507875	rs35930228	AT	A	-1
18	70507875	rs79293987	ATT	A	-1
18	70507886	rs76872685	T	A	-1
18	70507948	rs142705023	T	C	0.0023
18	70507952	rs9964475	G	A	0.0641
18	70508064	rs147344239	G	A	0.0005
18	70508098	rs187033655	G	C	0.0005
18	70508108	rs191474690	A	G	0.0014
18	70508173	rs139559581	T	C	0.0009
18	70508229	rs12970169	C	A	0.0362
18	70508255	rs184164367	C	G	0.0005
18	70508261	rs200074731	C	T	-1
18	70508297	rs2105707	T	A	0.0641
18	70508323	rs75387002	T	C	0.006
18	70508366	rs187133965	G	A	0.0005
18	70508410	rs2096956	G	A	0.1419
18	70508410	rs34841659	G	GT	-1
18	70508529	rs115821815	G	A	0.0055
18	70508554	rs2096957	G	A	0.0655
18	70508607	rs150850310	C	T	-1
18	70508657	rs5826211	A	AGAT	-1
18	70508657	rs139992827	A	AGAT,ATGA	-1
18	70508658	rs33943894	G	GGAT	-1
18	70508659	rs58071212	A	ATGA	-1
18	70508660	rs72493930	G	GTGA	-1
18	70508678	rs112731030	G	C	0.0009
18	70508690	rs182203295	G	T	0.0014
18	70508695	rs186475735	C	G	0.0009
18	70508768	rs201225776	G	A	-1
18	70508802	rs138182578	C	T	-1
18	70508834	rs141678620	T	C	0.0018
18	70508901	rs190149097	G	A	0.0018
18	70508963	rs1942460	T	C	0.2967
18	70508968	rs10648094	C	CAAAA,CAAAAAAAA	-1
18	70508968	rs199926390	CAACAAAAAAAA	C	-1
18	70508970	rs199636788	AC	A	0.0673
18	70508971	rs12953379	C	A	-1
18	70508971	rs10690867	C	CA,CAAAA,CAAAAA,CAAAAAAAAA	-1
18	70508971	rs56828963	C	CAAAA,CAAAAA	-1
18	70509078	rs7226897	G	T	0.0655
18	70509160	rs1942461	T	C	0.0165
18	70509187	rs7232420	A	G	0.0165
18	70509256	rs35710637	A	AC	-1
18	70509303	rs11440152	A	AT	-1
18	70509306	rs74258382	C	T	-1
18	70509306	rs34945387	C	CT	-1
18	70509309	rs201030636	C	T	-1
18	70509354	rs73966687	T	G	0.049
18	70509555	rs182820855	A	G	0.0005
18	70509571	rs188739937	C	A,T	0.0005
18	70509665	rs112186434	A	G	-1
18	70509678	rs139559653	T	C	0.0055
18	70509681	rs34708177	CA	C	-1
18	70509728	rs34909930	A	AG	-1
18	70509784	rs192854283	G	T	0.0009
18	70509797	rs115419027	T	C	0.0023
18	70509812	rs185815975	T	C	0.0005
18	70509824	rs1942462	C	T	0.0133
18	70509842	rs1942463	T	C	0.0179
18	70509878	rs1942464	C	A	0.0646
18	70509944	rs111834014	A	G	-1
18	70509969	rs187854294	G	T	0.0005
18	70510032	rs191600346	C	T	0.0005
18	70510043	rs183784492	T	C	0.0009
18	70510044	rs188125079	A	G	0.0014
18	70510066	rs146761083	T	C	0.0073
18	70510088	rs117747296	C	T	0.0124
18	70510125	rs139381899	T	C	0.0096
18	70510187	rs181481617	G	A	0.0037
18	70510349	rs143593340	A	G	0.0009
18	70510427	rs146774783	G	A	0.0087
18	70510493	rs75355389	C	T	0.082
18	70510515	rs184659393	A	G	0.0005
18	70510523	rs140632336	A	G	0.0046
18	70510535	rs143706857	G	A	0.0014
18	70510609	rs12327299	C	A	0.0179
18	70510610	rs12327300	C	T	0.0179
18	70510658	rs17728250	C	T	0.1287
18	70510679	rs151097356	T	C	0.0014
18	70510719	rs141035227	T	C	0.005
18	70510757	rs9963732	C	A	0.0343
18	70510799	rs59295880	C	G	0.0082
18	70510815	rs190380734	C	T	0.0009
18	70510822	rs118139811	G	C	0.0023
18	70510832	rs7238787	A	G	0.1529
18	70510907	rs6566673	T	C	0.1845
18	70510978	rs116659905	C	T	0.0046
18	70510994	rs76578001	G	A	0.0211
18	70511022	rs181697453	G	A	0.0005
18	70511050	rs186450913	C	T	0.0005
18	70511073	rs190910655	G	A	0.0009
18	70511077	rs181760482	C	T	0.0009
18	70511143	rs10514057	G	C	0.2816
18	70511256	rs139369356	T	C	0.0041
18	70511278	rs185147860	C	A	0.0014
18	70511322	rs4891489	G	A	0.38
18	70511380	rs189595300	C	T	0.0005
18	70511410	rs141805895	C	T	0.0018
18	70511518	rs146932960	C	T	0.0005
18	70511562	rs114352764	C	A	0.0041
18	70511577	rs183370134	T	C	0.0005
18	70511661	rs187910977	T	G	0.0005
18	70511766	rs79607076	C	T	0.0041
18	70511811	rs6566674	T	A	0.1754
18	70511822	rs137907122	C	T	0.0023
18	70511835	rs149491707	T	A	0.0005
18	70511946	rs192043247	T	A	0.0005
18	70511972	rs143945082	G	A	0.0005
18	70511995	rs148211761	G	A	0.0037
18	70512056	rs146234324	ATGTT	A	0.0243
18	70512075	rs113838215	T	C	-1
18	70512113	rs58996436	G	A	0.0105
18	70512169	rs34392898	GA	G	0.206
18	70512228	rs146229619	C	A	0.0055
18	70512234	rs183416186	G	A	0.0009
18	70512248	rs187366164	G	A	-1
18	70512261	rs113453611	G	A	0.0069
18	70512327	rs1942465	T	C	0.0078
18	70512453	rs192547592	C	T	0.0005
18	70512472	rs144145192	G	A	0.0082
18	70512480	rs75918762	C	T	0.0055
18	70512489	rs184799504	A	G	0.0005
18	70512561	rs73966689	A	G	0.0037
18	70512587	rs17728440	T	C	0.2454
18	70512730	rs186904188	A	T	0.0018
18	70512838	rs17728482	C	A	0.294
18	70513006	rs112190210	T	A	0.0133
18	70513130	rs139241495	T	C	0.0014
18	70513131	rs192261764	T	C	0.0005
18	70513168	rs7234925	A	T	-1
18	70513182	rs185050063	C	T	0.0018
18	70513184	rs147361316	CA	C	0.0842
18	70513247	rs150018680	T	C	0.0037
18	70513265	rs189569183	T	C	0.0009
18	70513267	rs112660686	C	T	0.006
18	70513281	rs114848787	A	T	0.0174
18	70513293	rs181108002	T	C	0.0005
18	70513350	rs35998466	G	GT	-1
18	70513378	rs184379317	A	T	0.0005
18	70513457	rs188814232	C	T	0.0018
18	70513465	rs149156759	C	T	0.0018
18	70513495	rs12962013	C	T	0.2853
18	70513522	rs62103374	G	T	0.1264
18	70513569	rs201657761	C	T	-1
18	70513609	rs141899483	G	A	0.0018
18	70513627	rs55665757	C	T	-1
18	70513655	rs181945245	G	A	0.0005
18	70513670	rs62103375	G	A	0.125
18	70513739	rs58078200	C	CA	-1
18	70513739	rs35252443	CA	C	-1
18	70513741	rs111735858	A	G	-1
18	70513746	rs111920433	A	T	-1
18	70513810	rs76514579	T	C	0.011
18	70513913	rs186159117	G	A	0.0014
18	70513940	rs189586466	G	A	0.0005
18	70513958	rs112838125	G	A	0.0069
18	70514098	rs140726074	T	C	0.0041
18	70514103	rs115627500	G	A	0.006
18	70514119	rs12963148	G	A	0.2848
18	70514160	rs180818056	G	A	0.0005
18	70514352	rs115170658	T	C	0.0027
18	70514369	rs150080593	T	C	0.0027
18	70514375	rs138460689	T	C	0.0027
18	70514407	rs113783489	T	A	0.0055
18	70514434	rs146255340	T	C	0.0009
18	70514435	rs35744672	TA	T	-1
18	70514449	rs186746644	T	C	0.0005
18	70514466	rs191188056	C	T	0.0014
18	70514470	rs183107693	C	T	0.0005
18	70514591	rs138020340	G	A	0.0018
18	70514593	rs115065825	T	C	0.0092
18	70514613	rs186153112	A	G	0.0005
18	70514691	rs111474461	A	G	0.0055
18	70514728	rs146025842	T	C	0.0018
18	70514772	rs148681385	C	T	0.0119
18	70514827	rs113194578	G	GCCATAT	0.0055
18	70514896	rs12455943	A	C	0.3187
18	70514899	rs142818297	T	C	0.0032
18	70514913	rs190552718	T	A	0.0027
18	70514939	rs150602055	C	G	0.0027
18	70514940	rs183521713	G	A	0.0005
18	70514966	rs12456017	G	A	0.3187
18	70515028	rs8097592	T	C	0.0371
18	70515055	rs35833347	T	G	-1
18	70515064	rs187862639	A	G	0.0009
18	70515124	rs4363935	A	G	0.0009
18	70515152	rs144709596	T	A	0.0005
18	70515162	rs116433184	A	C	0.011
18	70515196	rs8082967	A	T	0.054
18	70515453	rs192810311	C	T	0.0014
18	70515499	rs182594794	G	A	0.0005
18	70515539	rs62103376	C	T	-1
18	70515615	rs147938174	T	C	0.0018
18	70515700	rs112267771	G	A	0.0055
18	70515723	rs148083776	T	C	-1
18	70515809	rs948878	T	A	-1
18	70515825	rs187723786	G	T	0.0005
18	70515949	rs201134717	TGA	T	0.006
18	70515970	rs145420827	C	T	0.0009
18	70515979	rs112695174	GAC	G	0.0055
18	70515986	rs78573901	T	C	0.011
18	70516014	rs112320827	A	C	0.0055
18	70516052	rs748016	C	T	0.3187
18	70516172	rs111396561	C	T	0.0055
18	70516198	rs201983119	A	ATT	0.0055
18	70516343	rs35791245	CA	C	-1
18	70516456	rs200504123	G	GC	0.0124
18	70516459	rs201274452	TAA	T	0.0124
18	70516517	rs112184827	G	C	0.0055
18	70516537	rs151141048	T	C	0.0005
18	70516576	rs192742135	T	G	0.0009
18	70516762	rs140245074	G	A	0.006
18	70516810	rs183886267	T	C	0.0005
18	70516889	rs145323133	C	A	0.0009
18	70517050	rs73474061	G	A	0.0426
18	70517066	rs12959992	A	G	0.3246
18	70517094	rs138061838	C	G	0.0005
18	70517142	rs112271658	T	C	-1
18	70517155	rs1942466	G	C	0.0128
18	70517206	rs1942467	T	C	0.1841
18	70517342	rs12964029	C	T	0.2734
18	70517379	rs189037779	G	A	0.0009
18	70517461	rs142577720	C	T	0.0041
18	70517467	rs144747100	C	T	0.0018
18	70517497	rs145676170	C	CA	-1
18	70517499	rs192015449	A	G	0.0005
18	70517521	rs117049321	T	C	0.0055
18	70517629	rs74335268	T	C	0.0435
18	70517694	rs73474064	A	T	0.0435
18	70517735	rs184839752	G	T	0.0005
18	70517801	rs73966690	T	C	0.054
18	70517814	rs17086475	A	G	0.0426
18	70517838	rs2187114	G	A	0.0687
18	70517877	rs17086478	A	G	0.0426
18	70517979	rs190364799	G	A	0.0018
18	70517995	rs182202620	T	C	0.0009
18	70518052	rs185991121	G	A	0.0009
18	70518080	rs189317834	G	C	0.0087
18	70518085	rs2156494	C	T	0.0247
18	70518119	rs72968382	C	T	0.0096
18	70518125	rs181369377	A	C	0.0005
18	70518203	rs185644269	G	A	0.0009
18	70518219	rs8098624	T	C	0.4162
18	70518292	rs73966691	G	A	0.0027
18	70518302	rs144254465	G	A	0.0014
18	70518365	rs118047563	G	A	0.0133
18	70518421	rs190802644	C	T	0.0005
18	70518422	rs7243553	G	A	0.0385
18	70518463	rs143148178	G	A	0.011
18	70518466	rs147488257	G	C	0.0009
18	70518507	rs139949814	G	A	0.011
18	70518521	rs12970533	T	C	0.2834
18	70518539	rs151078994	G	C	0.0018
18	70518571	rs140030213	G	A	0.0055
18	70518597	rs149851339	G	C	0.0046
18	70518644	rs145148217	C	CAAAAAAAAAA	-1
18	70518649	rs28546803	C	A	-1
18	70518649	rs7243623	C	CA,CAAAAAAAAAA,CC	-1
18	70518649	rs71707587	C	CAAAAAAAAAA	-1
18	70518817	rs17734170	G	A	0.1319
18	70518851	rs17086482	T	G	0.0375
18	70518893	rs114036017	A	G	0.0046
18	70518975	rs8098983	G	A,C	0.0078
18	70518987	rs183031920	A	G	0.0005
18	70518990	rs8098760	C	T	0.0536
18	70518996	rs186786681	A	T	0.0005
18	70519038	rs191999214	C	T	0.0009
18	70519057	rs145474911	A	G	0.0014
18	70519221	rs67268571	G	C	0.1557
18	70519239	rs1942468	C	T	-1
18	70519267	rs183928960	A	G	0.0005
18	70519294	rs140226126	G	T	0.0018
18	70519301	rs17086484	T	A	0.0206
18	70519428	rs6566675	T	C	0.408
18	70519458	rs6420536	G	C	0.0128
18	70519481	rs7506243	G	A	0.1561
18	70519583	rs146460069	G	A	0.0055
18	70519601	rs187677254	C	T	0.0005
18	70519610	rs140852235	C	T	0.0082
18	70519697	rs192632522	G	T	0.0005
18	70519714	rs143135323	T	C	0.0009
18	70519729	rs8094708	C	T	0.2202
18	70519739	rs9952650	C	T	-1
18	70519775	rs182641987	A	T	0.0005
18	70519776	rs186967226	C	A	0.0005
18	70519888	rs192277307	C	T	0.0009
18	70520068	rs71166431	C	CT	-1
18	70520075	rs141385659	T	C	0.0046
18	70520249	rs184340889	T	C	0.0014
18	70520529	rs150372649	T	C	0.0005
18	70520606	rs138070126	G	A	0.0027
18	70520638	rs117211771	A	G	0.0046
18	70520669	rs28691594	T	C	0.0005
18	70520686	rs111871022	G	GA	0.1763
18	70520752	rs190075698	G	C	0.0018
18	70520767	rs113750648	C	T	0.0064
18	70520804	rs139989388	C	G	0.027
18	70520839	rs12971011	A	C	-1
18	70520886	rs4892051	A	G	0.0128
18	70520917	rs115454122	C	T	0.0041
18	70520986	rs34248968	C	CA,CAA	-1
18	70520986	rs66814981	C	CA,CAA	-1
18	70520986	rs5826212	C	CA,CAA	-1
18	70520986	rs202184235	C	CA	-1
18	70521085	rs143909089	T	C	0.0087
18	70521105	rs56662077	T	G	0.027
18	70521168	rs35637317	AC	A	0.1703
18	70521199	rs144363116	C	A	0.0005
18	70521227	rs148764955	G	A	0.0137
18	70521374	rs34028932	CA	C	0.152
18	70521376	rs36091018	AAG	AC,AG	-1
18	70521377	rs5826213	AG	A	0.1905
18	70521378	rs58898993	G	C	-1
18	70521513	rs73966692	T	C	0.0073
18	70521578	rs35459749	T	TA	-1
18	70521595	rs9958916	A	G	0.0609
18	70521602	rs202064577	T	C	-1
18	70521604	rs193114448	C	G	0.0005
18	70521618	rs80146338	C	G	0.0032
18	70521633	rs2156104	T	C	0.0128
18	70521672	rs185571524	T	C	0.0014
18	70521735	rs148285573	T	TA	0.0188
18	70521803	rs113242966	A	G	-1
18	70521919	rs181845586	T	C	-1
18	70522008	rs76897463	T	C	0.0559
18	70522134	rs76241714	C	T	0.0559
18	70522248	rs189314266	A	G	0.0032
18	70522252	rs180845825	G	A	0.005
18	70522255	rs142844296	TA	T	-1
18	70522284	rs4892052	A	G	0.4281
18	70522363	rs4892053	G	C	0.2894
18	70522427	rs17086489	C	T	0.0229
18	70522438	rs66560557	C	T	0.1479
18	70522513	rs142475034	C	T	0.0014
18	70522526	rs184340543	C	G	0.0005
18	70522548	rs34234189	A	AG	-1
18	70522548	rs71836339	A	AG	-1
18	70522688	rs117664678	C	T	0.0037
18	70522712	rs60404010	A	G	-1
18	70522768	rs188693194	G	A	0.0005
18	70522780	rs151329884	T	C	0.0005
18	70522798	rs115806975	G	A	0.0041
18	70522823	rs181123205	C	T	0.0005
18	70522929	rs112022370	C	T	0.0009
18	70522963	rs57240081	C	G	-1
18	70522978	rs191736052	T	C	0.0005
18	70523007	rs139743054	A	T	0.0009
18	70523025	rs882519	T	C	0.3269
18	70523050	rs115113069	T	C	0.0041
18	70523070	rs17086492	T	C	0.06
18	70523132	rs182239757	A	T	0.0009
18	70523181	rs17086495	C	T	0.0165
18	70523321	rs143990637	T	C	0.0005
18	70523392	rs146409794	G	A	0.0032
18	70523438	rs202160800	AG	A	0.0256
18	70523572	rs79197925	C	G	0.0582
18	70523579	rs1109070	T	C	0.2807
18	70523583	rs187292111	T	C	0.0005
18	70523612	rs189863711	T	C	0.0014
18	70523616	rs140944287	G	T	0.0014
18	70523619	rs59782777	C	T	0.3521
18	70523637	rs59970665	C	T	0.2747
18	70523639	rs115426251	C	T	0.006
18	70523665	rs182188120	G	C	0.0005
18	70523759	rs4356559	A	G	-1
18	70523777	rs143154134	TCAAA	T	0.0563
18	70523795	rs186462303	T	C	0.0023
18	70523853	rs9965788	C	G	0.3864
18	70523869	rs149691253	G	T	0.0046
18	70523919	rs35583309	A	AT	-1
18	70523935	rs4356560	A	T	-1
18	70523991	rs4499329	C	T	-1
18	70524082	rs4356561	A	T	-1
18	70524110	rs145579220	C	T	0.005
18	70524180	rs190138482	A	G	0.0005
18	70524338	rs183131788	C	T	0.0005
18	70524414	rs188460143	A	G	0.0005
18	70524477	rs75905856	C	T	0.0046
18	70524623	rs62103395	T	C	0.2816
18	70524648	rs148881331	A	C	0.0069
18	70524749	rs8084573	A	C	0.418
18	70524771	rs67919676	T	A	0.1461
18	70524789	rs143536699	G	A	0.0009
18	70524855	rs9319858	C	T	0.3136
18	70525028	rs28374081	T	A	-1
18	70525303	rs78982760	G	A	0.0504
18	70525322	rs73474078	C	A	0.0142
18	70525354	rs35562048	T	TC	-1
18	70525377	rs2187115	T	A	0.0266
18	70525428	rs138208633	C	A	0.0133
18	70525479	rs142231254	T	C	0.0041
18	70525590	rs72137132	G	GA	-1
18	70525674	rs36104988	G	C	-1
18	70525836	rs147047034	G	C	0.0009
18	70525854	rs193079335	C	T	0.0005
18	70526003	rs138293582	C	G	0.0005
18	70526019	rs2156105	A	C	0.0142
18	70526036	rs199755462	A	T	-1
18	70526113	rs112205473	A	C	-1
18	70526171	rs147447840	T	G	-1
18	70526193	rs201454268	T	C	-1
18	70526219	rs12964750	C	T	-1
18	70526233	rs12964615	A	C	-1
18	70526296	rs148509978	C	T	-1
18	70526303	rs142952296	G	A	-1
18	70526307	rs201017882	C	T	0.0005
18	70526508	rs78081468	C	T	0.0504
18	70526510	rs143929052	G	A	0.0005
18	70526613	rs185715906	G	A	0.0014
18	70526671	rs150636641	G	A	0.0018
18	70526698	rs73966693	T	C	0.0192
18	70526783	rs189047890	C	T	0.0005
18	70526917	rs78524254	C	T	0.0568
18	70526973	rs138768578	A	G	0.0069
18	70527016	rs55940003	T	C	0.0192
18	70527064	rs79573485	A	T	-1
18	70527164	rs35328297	C	CA	-1
18	70527164	rs58411407	C	CA	-1
18	70527239	rs34571621	A	AG	-1
18	70527256	rs192360586	G	A	0.0005
18	70527290	rs183837324	T	C	0.0009
18	70527321	rs12456301	C	T	0.3938
18	70527423	rs149409745	G	A	0.0009
18	70527624	rs144761040	G	A	0.0005
18	70527649	rs753744	C	T	0.136
18	70527650	rs113989554	G	A	0.0018
18	70527663	rs753745	A	C	0.2825
18	70527708	rs753746	C	T	0.136
18	70527829	rs188159319	T	A	0.0037
18	70527899	rs113371637	T	C	-1
18	70527905	rs28760602	A	G	0.0151
18	70527961	rs62103396	G	A	-1
18	70527964	rs34189999	GT	G	-1
18	70527965	rs63369960	T	G	-1
18	70527976	rs5826214	C	CT	-1
18	70527981	rs202094375	C	CT	-1
18	70527990	rs201943315	G	T	-1
18	70528025	rs181355724	T	C	0.0005
18	70528090	rs184812413	T	C	0.0005
18	70528171	rs144494918	A	G	0.0009
18	70528204	rs145952693	G	C	0.0096
18	70528283	rs190114605	C	T	0.0005
18	70528305	rs139800838	C	T	0.0005
18	70528306	rs142043946	G	A	0.0133
18	70528349	rs151175760	A	T	0.0023
18	70528387	rs117951743	A	G	0.0078
18	70528415	rs114276732	G	A	0.0009
18	70528436	rs181784033	C	T	0.0005
18	70528437	rs140150120	G	A	0.0018
18	70528467	rs116504416	A	T	0.0032
18	70528537	rs149934272	C	T	0.0037
18	70528603	rs2005001	C	G	0.3636
18	70528655	rs199686427	ACT	A	0.0069
18	70528829	rs72968399	T	C	0.0096
18	70528868	rs7232449	T	C	0.0037
18	70528944	rs116276248	G	A	0.0105
18	70529003	rs78323902	G	T	0.016
18	70529032	rs76647624	G	T	0.0014
18	70529086	rs187399566	C	T	0.0005
18	70529248	rs190897644	G	A	0.0005
18	70529303	rs181744632	T	C	0.0009
18	70529329	rs112834654	T	C	0.016
18	70529332	rs111368978	T	C	-1
18	70529352	rs146115813	T	G	0.0009
18	70529361	rs185136741	A	G	0.0005
18	70529394	rs189602486	G	A	0.0005
18	70529397	rs113368725	G	T	0.0206
18	70529420	rs183116941	G	C	0.0009
18	70529427	rs62103397	A	G	0.0032
18	70529441	rs12454022	G	C	0.3443
18	70529465	rs188226984	T	G	0.0005
18	70529632	rs76825358	C	T	0.016
18	70529643	rs191775461	G	C	0.0009
18	70529686	rs149142260	A	G	0.0037
18	70529727	rs111240849	C	T	-1
18	70529728	rs143222450	G	A	0.0032
18	70529759	rs78626449	G	A	0.0229
18	70529764	rs72968401	T	A	0.0014
18	70529769	rs183697328	C	T	0.0037
18	70529787	rs141446733	A	G	-1
18	70529807	rs187387887	T	C	0.0014
18	70529847	rs147165249	C	CT	0.3251
18	70529847	rs11453772	C	CT	-1
18	70529857	rs201930697	C	T	-1
18	70529857	rs35150455	C	CT	-1
18	70529858	rs199570064	T	C	-1
18	70529899	rs9945266	G	A	0.3681
18	70529909	rs9945273	G	A	0.2967
18	70529918	rs28608484	C	G	0.0169
18	70529919	rs6566676	G	C	0.2816
18	70529942	rs35385580	GC	G,GCCT	-1
18	70529944	rs34855616	CT	C,CTCC	-1
18	70529948	rs111297287	C	T	0.0105
18	70529956	rs9945168	C	T	0.2935
18	70530028	rs149246448	C	T	0.016
18	70530061	rs71371796	T	G	-1
18	70530076	rs28535334	C	T	0.0174
18	70530085	rs148439930	G	C	0.0037
18	70530107	rs184805981	G	A	0.0005
18	70530154	rs186910811	G	A	0.0005
18	70530171	rs114840481	A	G	0.0169
18	70530209	rs191377177	C	A	0.0005
18	70530288	rs28676295	G	A	0.0298
18	70530391	rs28454649	G	A	0.0133
18	70530413	rs116449753	G	A	0.0018
18	70530474	rs73474084	G	A	0.0174
18	70530516	rs78162056	G	A	0.0893
18	70530550	rs184925858	C	T	0.0005
18	70530616	rs74763150	C	T	0.0055
18	70530705	rs142561588	G	A	0.0009
18	70530711	rs9948277	G	A	0.4029
18	70530746	rs147622691	A	C	0.0037
18	70530759	rs80139843	G	A	0.0037
18	70530852	rs73474086	A	G	0.0137
18	70531008	rs61323865	C	A	0.3832
18	70531035	rs200750763	CTG	C	0.043
18	70531048	rs74711152	T	G	0.1103
18	70531098	rs78963191	T	C	0.0124
18	70531163	rs140491438	G	A	0.0005
18	70531176	rs144372096	C	T	0.0009
18	70531177	rs147855783	G	A	0.0069
18	70531183	rs189821899	C	A	0.0005
18	70531211	rs192526627	C	T	0.0032
18	70531323	rs140352157	G	A	0.0009
18	70531359	rs185314304	C	G	0.0005
18	70531400	rs77387092	A	C	-1
18	70531404	rs188798523	A	T	0.0005
18	70531678	rs181949131	T	C	0.0005
18	70531780	rs150195523	A	G	0.0055
18	70531818	rs948877	C	T	0.3402
18	70531834	rs145702659	G	A	0.0037
18	70531928	rs148966704	C	T	0.0005
18	70531961	rs41499247	T	C	0.1346
18	70531988	rs200875197	A	G	-1
18	70532023	rs199993931	C	G	0.0005
18	70532118	rs150692617	C	T	-1
18	70532153	rs75350806	T	C	-1
18	70532176	rs201432744	C	T	-1
18	70532185	rs71924600	TA	T	-1
18	70532186	rs199545020	A	T	-1
18	70532200	rs200476520	G	T	-1
18	70532204	rs201532521	T	A	-1
18	70532317	rs186169416	A	T	0.0009
18	70532362	rs145678847	A	G	0.0069
18	70532397	rs200710400	A	G	-1
18	70532404	rs200562539	T	G	-1
18	70532428	rs34743368	C	T	0.0005
18	70532430	rs143784766	T	C	0.0005
18	70532471	rs146855996	C	T	0.0014
18	70532475	rs140273375	A	G	-1
18	70532498	rs200037286	A	G	-1
18	70532542	rs185771208	C	G	0.0005
18	70532768	rs191463704	G	A	0.0005
18	70532809	rs201459002	C	T	-1
18	70532840	rs10164255	T	G	0.2647
18	70532889	rs182837530	T	C	0.0005
18	70532897	rs34403768	G	GC	-1
18	70532934	rs78967390	T	G	-1
18	70532977	rs10163845	A	G	0.3265
18	70533028	rs58167271	C	G	0.0174
18	70533079	rs186186835	G	A	0.0005
18	70533150	rs190560902	T	A	0.0009
18	70533402	rs113924277	C	A	-1
18	70533421	rs142981363	A	G	0.0005
18	70533438	rs145085183	C	G	0.005
18	70533444	rs183530806	A	T	0.0005
18	70533463	rs80303959	C	A,T	0.0604
18	70533508	rs148379795	C	T	0.0023
18	70533533	rs8085438	G	A	0.0247
18	70533577	rs8086323	T	C	0.027
18	70533585	rs187846420	T	C	0.0014
18	70533662	rs75154427	A	G	-1
18	70533706	rs12956413	G	A	0.005
18	70533751	rs8086498	T	C	0.0142
18	70533775	rs150731156	T	C	0.0009
18	70533821	rs8085632	C	G	0.0444
18	70533976	rs8085896	C	A	0.0252
18	70534040	rs73966694	T	C	0.0014
18	70534180	rs192502505	T	C	0.0037
18	70534238	rs4433898	C	T	0.3494
18	70534248	rs34497518	C	CC,CG	-1
18	70534267	rs35135773	G	GA	-1
18	70534299	rs182856410	G	A	0.0005
18	70534313	rs115029783	G	T	0.011
18	70534378	rs187455664	G	T	0.0014
18	70534387	rs111959645	T	C	0.0522
18	70534401	rs6566677	G	T	0.1323
18	70534427	rs57425572	G	T	-1
18	70534491	rs201547504	G	A	0.0037
18	70534519	rs144051079	T	C	-1
18	70534641	rs112580326	G	A	-1
18	70534997	rs36026929	G	C	0.0696
18	70535043	rs192941467	T	G	0.1122
18	70535089	rs79869033	G	A	0.022
18	70535290	rs10627137	C	CGG	-1
18	70535327	rs9964226	G	A	-1
18	70535388	rs4892054	A	G	0.0096
18	70535467	rs9964397	G	A	-1
18	70535533	rs183876869	G	C	0.0046
18	70535622	rs72970510	C	G	0.163
18	70535671	rs111420691	T	C	0.0188
18	70535701	rs189046052	A	G	0.0005
18	70535744	rs192026695	G	C	0.0041
18	70535786	rs147171045	C	A	0.0073
18	70535819	rs140370596	G	C	0.0027
18	70535828	rs113005242	G	C	0.0362
18	70535870	rs144412226	C	T	0.0037
18	70535891	rs184868647	G	A	0.0005
18	70535901	rs4606820	C	G	0.2349
18	70535945	rs79830958	G	A	0.0192
18	70535996	rs147813308	G	C	0.0165
18	70536019	rs12966677	A	C	0.2239
18	70536030	rs8095606	C	A	0.0224
18	70536227	rs142684796	G	A	0.0151
18	70536288	rs151254877	G	A	0.0133
18	70536392	rs111366081	G	A	0.0105
18	70536405	rs143551560	CGCCGGGG	C	0.0101
18	70536462	rs145619524	G	C	0.0037
18	70536582	rs62103398	C	T	-1
18	70536739	rs189337901	C	T	0.0005
18	70536745	rs181949762	C	T	0.0064
18	70536778	rs186151976	C	G	0.0018
18	70536818	rs189066974	G	T	0.0005
18	70536900	rs79449915	C	T	0.0133
18	70537373	rs146578583	T	G	0.0064
18	70537421	rs141278010	A	G	0.0014
18	70537458	rs145132201	G	A	0.0005
18	70537519	rs138890802	G	C	0.0009
18	70537607	rs181521005	A	C	0.0009
18	70537628	rs149439155	G	A	0.0009
18	70537632	rs143811480	A	C	0.0018
18	70537648	rs148158271	G	C	0.0018
18	70537695	rs143440172	C	G	0.0014
18	70537766	rs185652237	A	T	0.0014
18	70537814	rs2156102	A	G	0.4982
18	70537934	rs5826215	A	ATTTTTTTTC	-1
18	70537935	rs33952540	T	TTTTTTTTTC	-1
18	70537940	rs34123794	T	TTTTCTTTTT	-1
18	70537941	rs71166434	T	TTCTTTTTTT	-1
18	70537943	rs67838278	C	CCTTTTTTTT	-1
18	70537951	rs201613140	A	T	-1
18	70537952	rs200125501	A	C	-1
18	70537954	rs200743789	G	T	-1
18	70537955	rs201457524	A	T	-1
18	70537963	rs117767711	G	A	0.0156
18	70538024	rs147127377	C	T	0.0018
18	70538053	rs80017514	G	A	0.0005
18	70538117	rs190808748	G	T	0.0023
18	70538148	rs62103399	C	A	-1
18	70538231	rs138730949	T	C	0.0005
18	70538312	rs142745772	A	G	0.0027
18	70538365	rs79700631	C	CGCTG	-1
18	70538441	rs183019541	C	T	0.0009
18	70538470	rs35748043	C	CA	-1
18	70538547	rs139135394	A	C	0.005
18	70538809	rs149966099	A	G	0.0037
18	70538889	rs1943664	T	C	0.4973
18	70538904	rs144158312	G	C	0.0009
18	70538906	rs148678662	G	A	0.0027
18	70538955	rs144208258	A	G	0.0005
18	70538958	rs146544406	T	C	0.0005
18	70539000	rs141322253	G	A	0.0009
18	70539122	rs143675094	T	C	0.0046
18	70539188	rs151309821	C	A	0.005
18	70539327	rs112102543	A	G	0.0023
18	70539343	rs185898598	G	C	0.0037
18	70539352	rs73474093	A	G	-1
18	70539625	rs192322504	G	A	0.0041
18	70539661	rs1942455	G	A	0.2505
18	70539718	rs77110550	T	C	0.0096
18	70539739	rs150448973	A	T	0.0037
18	70539743	rs117833726	A	G	0.0266
18	70539850	rs138328679	C	T	0.0005
18	70539851	rs74258383	G	A	0.0801
18	70539977	rs183696631	T	C	0.0018
18	70540001	rs146775129	CGT	C	-1
18	70540002	rs187949051	G	A	0.0005
18	70540011	rs142596009	T	C	0.0037
18	70540016	rs114614343	G	A	0.0018
18	70540044	rs138653061	G	A	0.0032
18	70540077	rs116532781	G	A	0.0023
18	70540092	rs192231578	C	T	0.0005
18	70540109	rs150047205	G	GC	-1
18	70540257	rs9963042	A	G	0.495
18	70540330	rs72970517	A	G	0.0092
18	70540369	rs72970518	T	C	0.1397
18	70540389	rs182650132	A	G	0.0023
18	70540562	rs9952565	T	A	0.1799
18	70540624	rs187009110	T	C	0.0009
18	70540885	rs5826216	GC	G	0.4849
18	70540886	rs199913324	C	A	-1
18	70540887	rs200813128	A	G	-1
18	70540945	rs75666289	T	G	-1
18	70540989	rs4393660	C	T	0.0371
18	70541080	rs191492974	T	C	0.0032
18	70541238	rs141745886	A	G	0.0005
18	70541242	rs150551914	G	C	0.0023
18	70541243	rs139993373	C	T	0.0009
18	70541286	rs143481877	G	A	0.0343
18	70541329	rs184372610	G	A	0.0027
18	70541375	rs146068673	C	A	0.0032
18	70541396	rs140018071	C	G	0.0023
18	70541445	rs188244297	A	G	0.0009
18	70541555	rs193276749	G	A	0.0032
18	70541562	rs80274660	A	G	-1
18	70541572	rs185478413	G	A	0.006
18	70541595	rs79579256	C	G	0.0009
18	70541596	rs145773940	A	G	0.0018
18	70541759	rs148942411	G	T	0.0023
18	70541769	rs112579680	A	G	-1
18	70541772	rs189602261	T	A	0.0005
18	70541782	rs180856646	A	G	0.0005
18	70541878	rs184327890	G	A	0.0027
18	70541881	rs188678843	G	A	0.0014
18	70541895	rs199800780	GC	G	0.2752
18	70541896	rs200720405	C	CGG	0.272
18	70541897	rs9966977	C	G	-1
18	70541899	rs9967164	G	C	0.2738
18	70541899	rs34305373	G	GC	-1
18	70541900	rs77423215	G	C	0.2065
18	70541900	rs66531858	G	GC	-1
18	70541920	rs11151807	A	G	0.1635
18	70542002	rs142926996	G	A	0.0014
18	70542016	rs56012714	A	G	0.0586
18	70542147	rs191462797	G	C	0.0005
18	70542247	rs182493099	T	A	0.0005
18	70542267	rs187130198	A	G	0.0005
18	70542583	rs116131186	G	A	0.0009
18	70542637	rs75178920	G	A	0.0037
18	70542647	rs114942768	G	A	0.0073
18	70542718	rs191187705	A	T	0.0009
18	70542735	rs75057616	T	C	0.0165
18	70542799	rs143865203	AC	A	0.006
18	70542998	rs34298744	GA	G	-1
18	70543005	rs182214557	G	A	0.0032
18	70543013	rs76364096	A	G	-1
18	70543031	rs142666407	A	G	0.0014
18	70543151	rs186500254	A	T	0.0005
18	70543160	rs201668003	CAG	C	-1
18	70543246	rs190169473	C	T	0.0009
18	70543252	rs115037666	A	G	0.016
18	70543338	rs202188843	T	G	-1
18	70543347	rs182436489	A	T	0.0023
18	70543417	rs5826217	TTAGATGA	T	0.3278
18	70543419	rs11277618	AGATGATA	A	-1
18	70543420	rs62103400	G	T	-1
18	70543423	rs62103401	G	T	-1
18	70543595	rs188779739	A	G	0.0018
18	70543703	rs192876725	G	A	0.0009
18	70543759	rs8092246	T	C	0.0037
18	70543791	rs4892055	C	A	0.3228
18	70543845	rs7237016	T	A	0.1616
18	70543855	rs4892056	A	C	0.3297
18	70544043	rs185859054	A	G	0.0005
18	70544151	rs138687156	C	T	0.0018
18	70544286	rs72970523	A	C	0.0298
18	70544349	rs188772981	C	G	0.0005
18	70544390	rs79630576	A	G	0.016
18	70544501	rs192348244	G	A	0.0009
18	70544727	rs75944763	C	T	0.0032
18	70544746	rs150289391	A	G	0.0018
18	70544748	rs137988422	A	G	0.0014
18	70544785	rs1942472	G	T	0.0046
18	70544787	rs1942473	A	G	0.006
18	70544792	rs116740636	A	G	0.0046
18	70544820	rs137882792	GA	G	-1
18	70544936	rs78302876	G	A	0.0005
18	70544987	rs149481791	T	C	0.0023
18	70545005	rs183821250	A	T	0.0105
18	70545134	rs78498450	G	A	0.0788
18	70545185	rs77224130	G	A	-1
18	70545270	rs188145221	A	G	-1
18	70545372	rs181342582	A	G	0.0014
18	70545453	rs184654553	T	C	0.0009
18	70545465	rs190372517	A	C	0.0009
18	70545585	rs143157252	G	A	0.0009
18	70545601	rs181694204	A	G	0.0005
18	70545643	rs9636029	T	G	0.0142
18	70545741	rs77685028	T	G	0.0037
18	70545775	rs117528738	G	A	0.0009
18	70545787	rs28450230	G	T	0.332
18	70545880	rs187665822	C	A	0.0005
18	70545918	rs34418308	T	TG	-1
18	70546016	rs114344635	G	A	0.0082
18	70546025	rs138651844	G	C	0.0005
18	70546039	rs141890969	A	G	0.0005
18	70546107	rs79736527	G	A	0.006
18	70546470	rs2156107	C	T	0.1699
18	70546532	rs146278675	A	C	0.0027
18	70546601	rs12606948	C	T	-1
18	70546683	rs139384008	C	T	0.0023
18	70546686	rs141417468	C	T	0.0014
18	70546687	rs2187116	G	A	0.3375
18	70546748	rs78215632	C	T	0.06
18	70546766	rs191995987	G	A	0.0014
18	70546959	rs77203913	G	C	0.0911
18	70546971	rs72970529	G	A	0.0545
18	70546981	rs72970531	C	G	0.125
18	70547027	rs150813397	C	A	0.0005
18	70547051	rs75911211	C	T	0.0133
18	70547119	rs114003191	A	G	0.0023
18	70547143	rs1942474	A	G	0.1685
18	70547236	rs139327108	C	T	0.0005
18	70547242	rs116660675	G	A	0.0142
18	70547271	rs181776396	C	A	0.0005
18	70547303	rs185167188	G	A	0.0005
18	70547323	rs72970534	G	A	0.0545
18	70547358	rs150008180	G	A	0.0014
18	70547393	rs77003157	G	A	-1
18	70547402	rs75671983	G	A	-1
18	70547405	rs77867648	TTG	TA,TG	-1
18	70547430	rs147726032	G	T	0.0009
18	70547435	rs140903846	T	C	0.0005
18	70547572	rs118027641	T	A	0.0801
18	70547586	rs9963111	A	G	0.0078
18	70547598	rs112964982	CT	C	-1
18	70547604	rs189635803	T	C	0.0023
18	70547676	rs9963300	C	T	0.092
18	70547679	rs147962534	G	A	0.0284
18	70547721	rs199984380	A	G	-1
18	70547737	rs74178907	T	TC	-1
18	70547769	rs141805964	C	T	0.0394
18	70547843	rs12964920	G	T	0.3324
18	70547934	rs8093549	A	G	0.163
18	70548018	rs182658737	A	G	0.0014
18	70548110	rs187952616	T	C	0.0005
18	70548131	rs192085263	C	T	0.0023
18	70548132	rs183457252	G	A	0.0005
18	70548425	rs78373485	G	C	0.0073
18	70548452	rs8098788	T	C	0.1465
18	70548505	rs72970535	T	C	0.0069
18	70548562	rs8097952	A	G	0.1282
18	70548578	rs140792108	G	C	0.0005
18	70548613	rs188509818	A	G	0.0009
18	70548650	rs76798224	T	C	0.0101
18	70548678	rs116921455	G	A	0.0055
18	70548816	rs4416111	T	C	0.087
18	70548837	rs192574681	A	G	0.0014
18	70548941	rs150110238	G	A	0.005
18	70548956	rs35402206	T	C	0.0788
18	70549018	rs138566400	T	C	0.0069
18	70549103	rs141773327	T	C	0.0009
18	70549123	rs145403408	A	G	0.006
18	70549161	rs138238461	CAAAG	C	0.0792
18	70549198	rs138134374	T	G	0.0023
18	70549286	rs115375323	G	A	0.0009
18	70549354	rs7240109	T	G	-1
18	70549371	rs7240114	T	C	0.1406
18	70549416	rs183287993	A	G	0.0005
18	70549428	rs149533497	T	C	0.0027
18	70549433	rs11355197	AC	A	-1
18	70549636	rs186907300	T	C	0.0005
18	70549648	rs191369294	C	T	0.0009
18	70549659	rs11452207	G	GT	-1
18	70549704	rs144702993	C	G	0.0014
18	70549750	rs78414957	A	C	0.0078
18	70549761	rs9952793	G	C	0.0925
18	70549769	rs9952546	A	G	0.0911
18	70549790	rs185048149	G	C	0.0018
18	70549822	rs189560482	A	T	0.0018
18	70549908	rs74998547	A	G	-1
18	70549921	rs79884928	T	A	0.0064
18	70549943	rs55737109	A	G	0.0023
18	70550036	rs192832885	C	T	0.0005
18	70550106	rs9952853	A	G	0.0911
18	70550281	rs185230238	A	C	0.0005
18	70550305	rs115762452	C	G	0.0032
18	70550446	rs118134478	G	A	0.0037
18	70550467	rs188824892	C	G	0.0009
18	70550585	rs147276482	G	C	0.006
18	70551004	rs118011557	T	G	0.0082
18	70551014	rs140785377	T	C	0.0005
18	70551043	rs147927997	A	G	0.0087
18	70551062	rs1942457	A	G	0.2839
18	70551122	rs35024431	C	T	0.0101
18	70551172	rs181966114	A	T	0.0005
18	70551231	rs117288308	C	G	0.0169
18	70551243	rs150056204	G	A	0.0018
18	70551244	rs144911070	G	T	0.0064
18	70551441	rs144587303	C	T	0.0041
18	70551545	rs9947970	T	C	0.1703
18	70551565	rs146696747	G	T	0.0014
18	70551582	rs62103402	C	A	0.0055
18	70551584	rs75199693	G	A	0.0655
18	70551603	rs145496519	A	G	0.0009
18	70551636	rs80005153	G	C	0.0655
18	70551638	rs116596084	C	A	0.0027
18	70551658	rs72970538	T	C	0.1401
18	70551824	rs117929949	A	G	0.0142
18	70551922	rs138020027	T	C	0.0005
18	70551943	rs1942458	C	T	0.0421
18	70552368	rs140897125	T	G	0.0005
18	70552452	rs79122676	G	A	0.0668
18	70552590	rs115402053	T	C	0.0261
18	70552826	rs62103403	T	G	0.0092
18	70552859	rs186188709	G	A	0.0014
18	70552862	rs188305983	G	T	0.0018
18	70552888	rs180836515	G	T	0.0009
18	70552968	rs150162124	G	A	0.0023
18	70552972	rs28479302	C	T	0.3288
18	70553044	rs9962788	G	A	0.331
18	70553135	rs9951875	T	C	0.0073
18	70553173	rs78699183	T	C	0.0032
18	70553188	rs79327629	C	A	-1
18	70553239	rs138626433	G	A	0.0087
18	70553283	rs191232816	T	C	0.0027
18	70553325	rs183144652	A	G	0.0018
18	70553337	rs149568190	C	T	0.005
18	70553381	rs112325221	G	A	-1
18	70553383	rs147232697	C	T	0.0009
18	70553396	rs186865203	C	T	0.0005
18	70553418	rs190556895	A	T	0.0009
18	70553431	rs139150001	C	T	0.0005
18	70553541	rs9965533	G	C	0.0073
18	70553575	rs115457201	T	C	0.016
18	70553584	rs72970541	T	A	0.0458
18	70553666	rs147517971	A	C	0.0023
18	70553697	rs183524938	C	T	0.0009
18	70553699	rs36115697	G	GT	-1
18	70553807	rs187860737	A	C	0.0027
18	70553870	rs148555965	G	A	0.0023
18	70553907	rs150699156	G	A	0.0023
18	70553928	rs35961363	T	TG	-1
18	70553989	rs74833255	G	A	0.006
18	70554016	rs2156492	A	G	0.168
18	70554066	rs2156493	A	G	0.1694
18	70554067	rs76542221	C	A	-1
18	70554075	rs139940647	G	A	0.0005
18	70554278	rs191607294	T	C	0.0005
18	70554280	rs11659438	G	A	0.3411
18	70554289	rs9945533	G	A	0.3297
18	70554322	rs62103404	G	A	0.0165
18	70554338	rs182586760	A	G	0.0009
18	70554351	rs72970549	G	A	0.0458
18	70554367	rs9957631	T	C	0.3475
18	70554441	rs113329031	G	A	-1
18	70554480	rs201425836	G	GTAC	-1
18	70554485	rs143179176	A	G	0.0009
18	70554645	rs187738205	A	G	0.0009
18	70554696	rs11872448	G	A	0.0101
18	70554757	rs150628046	GA	G	0.1621
18	70554772	rs192746595	C	T	0.0014
18	70554949	rs150839895	G	A	0.0078
18	70555062	rs184802149	T	C	0.0005
18	70555112	rs140313009	G	T	0.0009
18	70555164	rs12604867	G	A	0.3329
18	70555194	rs189064620	T	C	0.0005
18	70555237	rs113915165	G	A	-1
18	70555287	rs7233078	C	T	0.1227
18	70555290	rs56976812	A	C	0.0087
18	70555319	rs144029333	A	G	0.0005
18	70555469	rs192046554	G	A	0.0005
18	70555483	rs145020401	T	C	0.0005
18	70555653	rs140136075	CCT	C	0.0655
18	70555664	rs9961178	T	A	0.0009
18	70555760	rs7234146	G	A	0.0073
18	70555771	rs9949270	G	A	0.0888
18	70555791	rs7505498	T	G	0.0073
18	70555912	rs12960555	C	G	0.0334
18	70556024	rs28414738	G	A	0.0087
18	70556038	rs182235584	G	T	0.0114
18	70556066	rs186027624	C	T	0.0005
18	70556076	rs148273496	C	A	0.0037
18	70556093	rs139046378	G	A	0.0087
18	70556108	rs57228744	G	GA,GAA	-1
18	70556109	rs79162525	A	G	-1
18	70556124	rs7234642	G	A	-1
18	70556225	rs9951729	A	C	0.2981
18	70556239	rs7238188	A	G	0.1648
18	70556281	rs113282337	A	T	0.0037
18	70556290	rs7238734	G	A	0.3315
18	70556307	rs146461163	T	C	0.0009
18	70556396	rs72970557	C	T	0.0055
18	70556418	rs139014219	G	C	0.0023
18	70556448	rs181394604	A	T	0.0005
18	70556519	rs143147130	T	C	0.0009
18	70556616	rs78063030	C	T	0.0151
18	70556707	rs147487655	C	T	0.0005
18	70556752	rs138196728	C	T	0.0018
18	70556771	rs80033176	T	C	0.0073
18	70556797	rs4892057	T	C	0.3306
18	70556810	rs78705071	C	T	0.0073
18	70556958	rs9952497	A	G	0.0064
18	70556981	rs185648674	C	T	0.0005
18	70556992	rs144317504	A	G	0.0069
18	70557003	rs190802447	G	A	0.0009
18	70557018	rs183031784	C	T	0.0009
18	70557030	rs74474291	G	A	0.0151
18	70557038	rs148808782	G	C	0.005
18	70557072	rs79614229	T	C	0.0055
18	70557205	rs185910620	C	G	0.0005
18	70557457	rs115461606	T	A	0.0266
18	70557464	rs35219225	A	AG	-1
18	70557473	rs17086518	G	A	0.0032
18	70557580	rs73474096	A	G	0.0009
18	70557617	rs191096093	C	T	0.0005
18	70557638	rs74748622	C	T	0.0005
18	70557650	rs150963173	A	G	0.0005
18	70557704	rs183939199	C	T	0.0005
18	70557725	rs140751223	G	A	0.005
18	70557786	rs187685575	C	T	0.0009
18	70557906	rs9955572	A	C	0.0064
18	70557919	rs149721315	A	T	0.0078
18	70558177	rs145559779	G	A	0.0005
18	70558335	rs141468629	A	G	0.0014
18	70558417	rs190964419	C	T	0.0023
18	70558542	rs147006295	T	C	0.0014
18	70558728	rs114842308	T	G	0.0027
18	70558757	rs183166461	C	T	0.0018
18	70558785	rs28683098	C	T	0.005
18	70558786	rs79108436	G	T	0.0252
18	70558845	rs12957608	C	T	0.331
18	70558864	rs140398294	T	TCC	-1
18	70558873	rs114002822	T	C	-1
18	70558895	rs78926532	G	A	0.0027
18	70559099	rs113677864	T	C	-1
18	70559240	rs34916445	T	TC	-1
18	70559315	rs113280268	C	T	0.0009
18	70559328	rs10445533	A	G	0.3356
18	70559380	rs186993930	T	A	0.0005
18	70559469	rs74842323	G	A	0.0014
18	70559575	rs148116832	T	A	0.0032
18	70559727	rs115769131	C	T	0.0087
18	70559750	rs74392265	T	A	-1
18	70559751	rs80019357	C	T	-1
18	70559752	rs76281343	T	G	-1
18	70559774	rs151074187	CT	C	0.006
18	70559886	rs141888503	C	A	0.0078
18	70560080	rs79719971	C	T	0.0133
18	70560100	rs113369505	T	C	0.0014
18	70560126	rs74883098	T	C	0.0037
18	70560257	rs150257869	G	T	0.0005
18	70560327	rs138879328	T	G	0.0009
18	70560343	rs184359180	A	G	0.0005
18	70560370	rs12958454	G	A	0.3251
18	70560422	rs187266423	G	A	0.0023
18	70560442	rs142279836	T	A	0.0014
18	70560625	rs146397591	T	C	0.0055
18	70560637	rs193124350	T	C	0.0005
18	70560687	rs199567541	T	C	-1
18	70560726	rs139743626	C	T	0.0027
18	70560762	rs145556513	C	CTGAT	0.1392
18	70560764	rs78400479	G	GATTG	-1
18	70560885	rs113005397	A	T	0.0009
18	70560942	rs185609981	C	G	0.0005
18	70561026	rs70944675	AC	ACG,ATA	-1
18	70561027	rs10445511	C	T	0.3242
18	70561028	rs7232931	G	A	0.1973
18	70561068	rs17796808	G	C	0.1346
18	70561106	rs143849967	A	T	0.0005
18	70561129	rs189318409	A	T	0.0009
18	70561145	rs180862323	G	C	0.0005
18	70561287	rs184340210	T	A	0.0005
18	70561396	rs78211775	A	C	0.0137
18	70561458	rs148648527	C	T	0.0005
18	70561499	rs142103311	C	T	0.0005
18	70561510	rs188692818	A	G	0.0005
18	70561592	rs151205103	T	C	0.0037
18	70561735	rs181118702	A	G	0.0005
18	70561845	rs73474098	C	T	-1
18	70561846	rs72970565	G	A	0.0078
18	70561872	rs145206011	G	A	0.0137
18	70561877	rs113922105	G	A	-1
18	70561878	rs186177948	G	C	0.0005
18	70561972	rs112955596	C	A	0.0577
18	70561978	rs142233490	C	T	0.0114
18	70561981	rs55793414	T	G	0.0572
18	70562009	rs145193776	A	G	0.0005
18	70562020	rs118020278	T	A	0.1401
18	70562025	rs60756665	AAG	A	0.06
18	70562061	rs149171806	A	G	0.0101
18	70562075	rs143280587	A	G	0.0069
18	70562116	rs182247974	G	A	0.0014
18	70562190	rs76289601	TA	T	0.3924
18	70562227	rs71953093	AA	A,AAAAAT	-1
18	70562227	rs142355029	AAAAAT	A	-1
18	70562231	rs56732987	AT	A,ATAAAA	-1
18	70562232	rs114505811	T	A	-1
18	70562291	rs138846681	C	A	0.0009
18	70562660	rs187342724	C	T	0.0009
18	70562671	rs71356916	C	T	-1
18	70562692	rs116417664	A	G	0.006
18	70562787	rs145747843	G	A	0.0009
18	70562812	rs111627423	T	G	-1
18	70562829	rs138484809	G	T	0.0037
18	70562850	rs190955683	G	T	0.0018
18	70562853	rs142003762	G	T	0.0032
18	70562927	rs115930558	G	A	0.006
18	70562941	rs9954651	A	G	0.3402
18	70562975	rs182205564	G	T	0.0005
18	70563080	rs186480395	T	C	0.0005
18	70563154	rs34069065	A	AT	-1
18	70563156	rs71166435	G	GT	-1
18	70563167	rs201856583	T	C	-1
18	70563196	rs72970568	A	T	0.0833
18	70563299	rs201370012	T	TC	0.3819
18	70563300	rs12956475	T	C	0.3434
18	70563301	rs35385849	T	C	-1
18	70563354	rs61209835	G	A	-1
18	70563416	rs182439626	A	G	0.0082
18	70563418	rs34856044	GA	G	0.3338
18	70563419	rs200953801	A	G	-1
18	70563423	rs187479465	A	T	0.0018
18	70563456	rs150521943	C	G	0.0037
18	70563490	rs193081520	T	C	0.0005
18	70563563	rs147003205	CAGTT	C	0.0147
18	70563576	rs34018029	G	GC	-1
18	70563662	rs139455443	C	T	0.0009
18	70563663	rs113976205	G	A	0.0009
18	70563679	rs113490851	A	G	-1
18	70563696	rs185720672	G	T	0.0005
18	70563798	rs113376234	G	A	0.0009
18	70563811	rs62103405	C	T	0.1342
18	70563984	rs189047441	T	G	0.0005
18	70564226	rs139511392	T	G	0.0014
18	70564351	rs193008707	T	G	0.0009
18	70564426	rs183830339	C	T	0.0005
18	70564444	rs2187112	T	C	0.332
18	70564485	rs72634472	T	G	0.0719
18	70564494	rs2187113	A	C	0.1864
18	70564508	rs72970571	T	C	0.0508
18	70564583	rs188174247	A	G	0.0005
18	70564636	rs145248200	A	G	0.0046
18	70564703	rs181365580	G	A	0.0009
18	70564734	rs73474100	A	T	0.0005
18	70564943	rs78894489	G	A	0.0037
18	70565123	rs140660553	C	G	0.0023
18	70565144	rs55925674	G	A	0.0769
18	70565214	rs1943663	C	A	0.2088
18	70565242	rs116588828	G	A	0.006
18	70565263	rs142210241	C	G	0.0009
18	70565287	rs151045130	G	T	0.0023
18	70565522	rs184102265	T	C	0.0009
18	70565572	rs190146073	T	G	0.0005
18	70565677	rs1943662	G	A	0.2001
18	70565749	rs181849294	T	A	0.0005
18	70565810	rs61354179	G	A	0.006
18	70566030	rs140942554	A	G	0.0005
18	70566033	rs149763771	T	G	0.0027
18	70566039	rs59783466	C	T	-1
18	70566079	rs72970575	A	T	0.0769
18	70566091	rs186539354	G	T	0.0005
18	70566101	rs146816602	G	A	0.0023
18	70566129	rs140573046	A	T	0.0037
18	70566164	rs192320598	C	T	0.0009
18	70566220	rs181763609	G	C	0.0037
18	70566293	rs185172967	T	C	0.0005
18	70566314	rs145836593	A	C	0.0014
18	70566343	rs138409436	A	T	0.0082
18	70566351	rs17086527	A	G	-1
18	70566360	rs199717186	A	C	-1
18	70566360	rs112347780	A	AGTCTGTC	-1
18	70566361	rs34500853	G	GGTCTGTC	-1
18	70566364	rs5826218	T	TGTCGTCT	-1
18	70566365	rs79207310	T	G	-1
18	70566365	rs33913432	T	TGTCGTCT	-1
18	70566471	rs35379934	C	A,T	0.0032
18	70566565	rs10698608	G	GGTCGTCT	-1
18	70566566	rs189639833	A	T	0.0014
18	70566604	rs182660013	G	T	0.0005
18	70566711	rs143402246	T	G	0.0009
18	70566800	rs148369508	C	G	0.0014
18	70566806	rs141152604	C	G	0.0005
18	70566863	rs147342428	C	T	0.0009
18	70566988	rs113582600	G	A	-1
18	70567001	rs138057065	G	A	0.0014
18	70567020	rs17086530	C	T	0.3718
18	70567055	rs186504025	A	T	0.0005
18	70567058	rs58481381	A	G	0.0041
18	70567199	rs117155074	T	C	0.0082
18	70567248	rs143523648	T	C	0.0018
18	70567250	rs8086712	A	G	0.3173
18	70567342	rs74495041	C	T	0.0005
18	70567354	rs191779981	T	C	0.0018
18	70567384	rs183697522	C	G	0.0005
18	70567411	rs188216573	G	T	0.0005
18	70567512	rs17796936	C	G	0.0128
18	70567543	rs78166290	T	C	-1
18	70567544	rs74868770	G	A	-1
18	70567546	rs79416210	G	T	-1
18	70567576	rs192568790	T	C	0.0005
18	70567603	rs139559963	T	C	0.0009
18	70567646	rs183300475	G	C	0.0014
18	70567767	rs111844067	C	G	0.0014
18	70567806	rs186923906	C	T	0.0009
18	70567825	rs144629555	C	G	0.0005
18	70567857	rs6566679	A	G	0.1955
18	70567971	rs148468822	T	G	0.0009
18	70567979	rs142277248	T	C	0.0027
18	70568010	rs9948074	C	T	0.0751
18	70568119	rs6566680	A	G	0.2175
18	70568604	rs191387946	C	T	0.0005
18	70568619	rs17797002	T	C	0.1346
18	70568626	rs140635410	T	C	0.0005
18	70568715	rs184331079	G	A	0.0005
18	70568722	rs75083455	G	T	0.0032
18	70568789	rs1942454	C	T	0.1566
18	70568893	rs189847875	C	A	0.0005
18	70569011	rs146567561	T	C	0.0023
18	70569122	rs116905177	C	T	0.0215
18	70569179	rs141055636	G	C	0.0018
18	70569271	rs112554873	C	T	-1
18	70569292	rs79572430	C	T	0.0014
18	70569455	rs150233482	C	A	0.0027
18	70569533	rs8089506	T	C	0.4153
18	70569686	rs12457362	C	T	0.4286
18	70569782	rs192548717	T	C	0.0005
18	70569789	rs115259840	T	C	0.0027
18	70569924	rs146943713	C	T	0.0041
18	70569940	rs137887645	T	C	0.0009
18	70570049	rs185336748	A	T	0.0005
18	70570285	rs143563829	T	C	0.0023
18	70570377	rs114280491	A	G	0.0037
18	70570573	rs8094463	T	C	0.467
18	70570607	rs111692117	A	T	0.0009
18	70570611	rs189888353	A	T	0.0005
18	70570631	rs116110537	A	G	0.0027
18	70570686	rs181981831	C	T	0.0005
18	70570717	rs62103424	C	T	0.076
18	70570721	rs8093588	C	T	0.3237
18	70570859	rs8093870	C	T	0.0078
18	70570886	rs186203159	T	C	0.0005
18	70570934	rs75672403	G	T	0.0078
18	70570946	rs115406309	A	T	0.0037
18	70571141	rs188322091	T	C	0.0005
18	70571152	rs57788497	A	G	0.0527
18	70571235	rs114850396	T	C	0.0037
18	70571238	rs9955288	T	G	0.4647
18	70571402	rs141259380	A	G	0.005
18	70571539	rs1942453	C	T	0.2216
18	70571613	rs180829753	C	T	0.0009
18	70571762	rs150760749	T	C	0.0023
18	70571809	rs185773125	G	A	0.0005
18	70571815	rs114720328	A	G	0.0037
18	70571860	rs11151808	C	T	0.4684
18	70571956	rs1893708	T	C	0.0014
18	70571973	rs139221391	T	C	0.0023
18	70572030	rs191459539	T	C	0.0009
18	70572142	rs116450883	A	T	0.0078
18	70572240	rs78130829	A	G	0.0037
18	70572314	rs77380515	C	T	0.0765
18	70572343	rs144148042	C	G	0.0032
18	70572348	rs146310909	C	A	0.0014
18	70572356	rs182832327	T	C	0.0014
18	70572392	rs62103425	C	T	0.0765
18	70572457	rs139531985	G	C	0.0023
18	70572523	rs1942452	T	C	0.4689
18	70572600	rs1942451	G	T	0.4689
18	70572692	rs187079820	G	A	0.0009
18	70572702	rs190573072	A	C	0.0009
18	70572731	rs144187887	G	T	0.0023
18	70572938	rs9646611	C	G	0.4272
18	70572963	rs114124326	G	A	0.0105
18	70572976	rs9319859	C	T	0.4689
18	70573046	rs77829074	T	G	0.0069
18	70573056	rs183536211	T	C	0.0009
18	70573120	rs187878933	G	C	0.0005
18	70573137	rs146578496	C	T	0.0005
18	70573159	rs78711263	T	C	0.0907
18	70573189	rs148733208	C	T	0.0009
18	70573405	rs192349801	C	A	0.0009
18	70573407	rs116672165	C	T	0.0069
18	70573427	rs74526514	C	T	0.006
18	70573430	rs182881173	C	A	0.0009
18	70573486	rs187473798	A	G	0.0009
18	70573497	rs151299961	G	A	0.0005
18	70573515	rs116531758	A	C	0.0073
18	70573524	rs140634807	G	A	0.0009
18	70573526	rs8091767	T	C	0.4487
18	70573530	rs12961611	A	G	0.0188
18	70573646	rs147110884	G	A	0.0014
18	70573713	rs192950910	G	A	0.0014
18	70573772	rs8092114	T	G	0.4684
18	70573774	rs36104616	GT	G	-1
18	70573861	rs184670942	G	A	0.0005
18	70573913	rs117339843	G	A	0.005
18	70573952	rs190387382	G	A	0.0005
18	70574061	rs4892058	T	C	0.4263
18	70574145	rs117050506	A	G	0.0014
18	70574162	rs62103426	C	T	0.011
18	70574190	rs4891490	C	T	0.4263
18	70574256	rs147735785	C	T	0.0005
18	70574288	rs141979853	C	A	0.0014
18	70574298	rs145716468	A	T	0.0014
18	70574340	rs4891491	C	T	0.4263
18	70574360	rs138465249	C	A	0.0041
18	70574401	rs4892059	A	G	0.0916
18	70574441	rs4891492	C	T	0.4112
18	70574542	rs149268590	C	T	0.0032
18	70574615	rs192065255	G	A	0.0009
18	70574723	rs8096871	T	C	0.0806
18	70574876	rs143574455	C	T	0.0041
18	70574927	rs148028281	A	G	0.0037
18	70574950	rs149261274	TGAAAGAAAAACA	T	-1
18	70574958	rs71166436	AAACAGAAAGAAA	A	-1
18	70574961	rs200414814	C	G	-1
18	70574962	rs201505889	A	T	-1
18	70575021	rs142697205	C	A	0.0046
18	70575103	rs184876877	A	G	0.0009
18	70575128	rs189339837	G	A	0.0005
18	70575163	rs181757061	T	C	0.0009
18	70575174	rs76200300	C	T	0.0009
18	70575272	rs146036858	C	A	0.0014
18	70575289	rs116659066	T	C	0.0201
18	70575419	rs139947214	G	A	0.0023
18	70575431	rs1942456	A	G	0.0476
18	70575542	rs8083277	C	A	-1
18	70575549	rs142775341	G	A	0.0009
18	70575643	rs186147859	A	G	0.0005
18	70575700	rs189062825	G	A	0.0014
18	70575823	rs114473655	G	T	0.0032
18	70575824	rs150612838	G	C	0.0009
18	70575857	rs139828287	A	G	0.0041
18	70575995	rs72970601	G	A	0.0522
18	70576024	rs114161941	C	A	0.0032
18	70576206	rs149793122	G	A	0.0014
18	70576261	rs181532155	C	T	0.0005
18	70576292	rs186315469	C	A	0.0005
18	70576316	rs28788609	T	C	0.0069
18	70576375	rs145833129	G	A	0.0023
18	70576438	rs9948742	T	C	0.0472
18	70576484	rs76202748	G	A	0.006
18	70576621	rs12958914	A	G	0.4478
18	70576639	rs35583162	C	CT	-1
18	70576639	rs61455405	C	CT	-1
18	70576702	rs113587311	C	T	0.0971
18	70576708	rs112214042	C	A	0.0009
18	70576756	rs112293817	C	T	0.0009
18	70576779	rs2212965	T	C	0.0833
18	70576789	rs147745420	C	A	0.0018
18	70576802	rs185928296	C	T	0.0037
18	70576916	rs142596107	C	A	0.0037
18	70576957	rs145809178	G	A	0.0005
18	70576990	rs74546673	A	G	0.0142
18	70577064	rs191084097	C	T	0.0005
18	70577107	rs183719903	G	A	0.0005
18	70577194	rs114490533	G	A	0.006
18	70577207	rs187989868	A	G	0.0005
18	70577234	rs72634473	G	A	0.0925
18	70577263	rs60212509	C	CAAAAAAA	-1
18	70577263	rs202033391	CA	C	-1
18	70577390	rs190731526	A	G	0.0014
18	70577500	rs151141981	C	T	0.0037
18	70577524	rs79921207	T	C	0.0041
18	70577617	rs140224434	T	G	0.0023
18	70577726	rs1942469	A	C	0.3031
18	70577750	rs75976261	T	C	0.0201
18	70577763	rs78547545	T	C	0.0774
18	70577817	rs183434749	T	C	0.0005
18	70577834	rs78767477	G	A	0.0201
18	70577869	rs1942470	C	T	0.0142
18	70578007	rs187014727	A	C	0.0005
18	70578019	rs191494967	G	A	0.0005
18	70578117	rs1942471	G	A	0.304
18	70578134	rs111655234	A	C	-1
18	70578158	rs115567731	C	T	0.0142
18	70578176	rs150319287	T	C	0.0082
18	70578257	rs184374670	C	A	0.006
18	70578259	rs187258624	A	T	0.006
18	70578270	rs11877740	C	G	0.147
18	70578271	rs11877723	A	T	0.147
18	70578281	rs12969929	T	C	0.3306
18	70578357	rs193275781	A	G	0.0027
18	70578492	rs117486995	C	T	0.0192
18	70578553	rs185493821	G	A	0.0023
18	70578606	rs137968080	T	C	0.0005
18	70578681	rs12458717	C	T	0.0531
18	70578701	rs189618174	G	A	0.0005
18	70578789	rs180841438	A	G	0.0018
18	70578968	rs12458789	C	A	0.4386
18	70578981	rs200964850	A	C	-1
18	70578982	rs116660471	C	T	0.0032
18	70579203	rs184256535	T	G	0.0014
18	70579297	rs142566882	A	T	0.0005
18	70579303	rs57433365	G	C	-1
18	70579343	rs17086556	T	C	0.435
18	70579364	rs8093830	A	G	0.0027
18	70579422	rs181134890	G	A	0.0005
18	70579449	rs17735359	G	A	0.0147
18	70579544	rs200317666	T	C	-1
18	70579930	rs77235567	A	T	-1
18	70579936	rs144736581	C	G	0.0009
18	70580022	rs186169752	A	G	0.0005
18	70580035	rs73476007	A	T	0.0073
18	70580036	rs138781155	T	G	0.0014
18	70580126	rs74417441	A	G	0.0156
18	70580162	rs9955081	A	T	0.1497
18	70580173	rs190541258	T	C	0.0005
18	70580187	rs201709580	T	G	-1
18	70580214	rs141850191	C	A	0.0005
18	70580260	rs114239642	G	A	0.0032
18	70580427	rs117342669	G	A	0.0014
18	70580437	rs144249500	A	G	0.0018
18	70580464	rs74524769	A	G	0.0069
18	70580595	rs148713906	C	T	0.0018
18	70580726	rs182546444	G	A	0.0027
18	70580727	rs141397833	T	C	0.0023
18	70580742	rs187161542	G	A	0.0005
18	70580758	rs191221598	G	A	0.0005
18	70580812	rs28434162	C	A	0.0746
18	70580888	rs150856383	A	G	0.0005
18	70581087	rs182597082	T	G	0.0005
18	70581123	rs12717101	T	C	0.4199
18	70581196	rs186504773	A	G	0.0027
18	70581217	rs190171424	A	G	0.0005
18	70581483	rs182433293	G	C	0.0005
18	70581646	rs116741970	G	A	0.0027
18	70581734	rs143458547	C	CT	-1
18	70581757	rs199623699	A	AT	0.006
18	70581825	rs113929302	T	C	-1
18	70581844	rs78239216	C	T	0.0064
18	70581947	rs139924986	C	T	0.0014
18	70581991	rs187476476	A	G	0.0009
18	70582027	rs78886031	T	G	0.0925
18	70582029	rs9959385	G	C	0.147
18	70582068	rs145562503	A	G	0.0014
18	70582094	rs192883772	G	A	0.0018
18	70582161	rs117653291	A	G	0.0082
18	70582290	rs185873792	C	T	0.0009
18	70582291	rs188781098	G	A	0.0005
18	70582296	rs147295987	C	T	0.0014
18	70582325	rs9961784	C	A	0.1442
18	70582373	rs12717102	G	T	0.4331
18	70582429	rs193212521	A	T	0.0005
18	70582445	rs183845582	A	G	0.0005
18	70582499	rs77011385	T	C	0.0911
18	70582646	rs188162288	G	A	0.0009
18	70582704	rs181358048	A	G	0.0005
18	70582789	rs139142200	ATTTG	A	0.0934
18	70583185	rs12967446	G	A	0.4043
18	70583202	rs62103427	C	T	0.1273
18	70583481	rs199773073	A	T	-1
18	70583481	rs58691441	A	AT,ATT	-1
18	70583481	rs201284371	A	AT	-1
18	70583483	rs201964603	T	TTA	0.1227
18	70583484	rs200409328	T	TA	0.0998
18	70583485	rs7242663	T	A	0.114
18	70583487	rs200565733	T	A	-1
18	70583544	rs184113411	A	C	0.0005
18	70583704	rs149845571	T	A	0.0027
18	70583760	rs72972424	C	A	0.0687
18	70583767	rs145478379	T	C	0.0009
18	70583790	rs28802905	C	T	-1
18	70583790	rs35450123	C	CT	-1
18	70583797	rs200020334	T	C	-1
18	70583823	rs28838302	G	A	0.0201
18	70583868	rs58603882	C	T	0.0755
18	70583990	rs55674933	C	A,G,T	0.4286
18	70584002	rs28841336	T	C	0.3997
18	70584033	rs61599019	A	G	0.0192
18	70584086	rs112057679	C	T	-1
18	70584141	rs114970087	G	C	0.006
18	70584206	rs189243369	T	A	0.005
18	70584251	rs115770558	G	C	0.0018
18	70584271	rs150960122	G	A	0.0005
18	70584281	rs56965757	C	T	0.1392
18	70584288	rs116863493	C	T	0.0137
18	70584341	rs75183619	C	T	0.0027
18	70584445	rs181718795	G	A	0.0005
18	70584578	rs140896457	A	G	0.0009
18	70584588	rs186786710	G	A	0.0005
18	70584596	rs79170336	C	T	0.0307
18	70584658	rs115793570	T	C	0.0073
18	70584743	rs148220549	TG	T	0.0201
18	70584778	rs190429735	A	G	0.0018
18	70584786	rs144828923	A	G	0.0023
18	70584828	rs79725733	G	A	0.0009
18	70584884	rs75972847	C	T	0.0531
18	70584977	rs140444176	C	T	0.0014
18	70585096	rs74853466	G	A	0.0151
18	70585269	rs150381239	C	G	0.0055
18	70585357	rs138073467	G	A	0.0005
18	70585437	rs141181215	T	TTATG	-1
18	70585441	rs79737063	A	G	0.0797
18	70585448	rs4892060	G	T	0.1566
18	70585450	rs11660339	G	T	0.4789
18	70585464	rs149350717	C	T	0.0014
18	70585473	rs144655134	C	T	0.0027
18	70585513	rs185164141	C	T	0.0009
18	70585581	rs74651160	A	G	0.0041
18	70585591	rs8089106	C	A	0.0939
18	70585632	rs60932948	C	A	0.1364
18	70585634	rs189631721	C	T	0.0009
18	70585702	rs34687325	T	TG	-1
18	70585781	rs182675565	T	C	0.0005
18	70585811	rs138429969	T	C	0.0014
18	70585851	rs28783751	C	T	0.0275
18	70585932	rs143911081	C	G	0.0027
18	70585983	rs117665980	C	T	0.0064
18	70585998	rs1943661	G	A	0.1369
18	70586090	rs1943660	A	C	0.3979
18	70586123	rs185457446	A	G	0.0005
18	70586186	rs1943659	G	A	0.1392
18	70586252	rs191233679	A	T	0.0005
18	70586319	rs62103432	C	A	0.0701
18	70586326	rs117605866	C	A	0.0018
18	70586376	rs115762640	G	A	0.0046
18	70586541	rs147306239	C	T	0.0009
18	70586544	rs183468022	G	A	0.0005
18	70586579	rs117019820	G	T	0.0032
18	70586652	rs140903780	C	A	0.0027
18	70586660	rs142385168	A	T	0.0005
18	70586665	rs9952162	C	T	0.0201
18	70586677	rs12965224	C	A	0.4272
18	70586789	rs12965384	C	T	0.4299
18	70586834	rs9964508	T	C	0.0201
18	70586848	rs12965644	G	A	0.4299
18	70586894	rs12965785	G	C	0.4299
18	70586900	rs12966572	T	C	0.4299
18	70586920	rs34877659	T	TG	-1
18	70586990	rs150905742	G	A	0.0032
18	70587025	rs188515914	G	A	0.0009
18	70587044	rs139389525	G	A	0.0027
18	70587051	rs12455690	C	T	0.4299
18	70587063	rs7239427	A	G	0.0009
18	70587264	rs193119433	C	T	0.0009
18	70587265	rs183292628	G	A	0.0005
18	70587271	rs186916243	G	A	0.0005
18	70587282	rs72542266	T	TTG	-1
18	70587285	rs34588357	C	CT,CTG	-1
18	70587285	rs74795261	C	CTG	-1
18	70587286	rs75888509	G	T	-1
18	70587286	rs35735837	G	GG,GTG	-1
18	70587481	rs191402128	G	T	0.0005
18	70587502	rs112858378	G	A	0.0009
18	70587552	rs146422789	T	A	0.0014
18	70587597	rs78411809	G	A	0.0105
18	70587610	rs73969009	A	C	0.0137
18	70587810	rs140936104	T	C	0.0018
18	70587886	rs143254558	C	T	0.006
18	70587889	rs146685996	C	T	0.0009
18	70588016	rs148883150	A	G	0.0014
18	70588026	rs67788372	TG	T	0.4309
18	70588028	rs201958624	G	T	-1
18	70588028	rs200667317	GT	G	0.4684
18	70588162	rs148062117	T	A	0.0064
18	70588207	rs10552489	TA	T,TAAA	-1
18	70588207	rs68021118	TAAA	T	-1
18	70588221	rs79157664	AAGC	A	-1
18	70588224	rs4430840	C	T	0.4345
18	70588250	rs116286603	T	C	0.0092
18	70588251	rs184345621	G	A	0.0037
18	70588339	rs12456935	A	G	0.3214
18	70588416	rs4383242	G	A	0.4299
18	70588546	rs189591753	C	T	0.0009
18	70588641	rs8086354	A	T	0.1364
18	70588676	rs192837801	T	C	0.0005
18	70588703	rs8086591	C	T	0.1319
18	70588777	rs116726177	C	G	0.0087
18	70588806	rs34829868	C	A	0.4299
18	70588829	rs143930979	C	T	0.006
18	70588944	rs4506999	T	C	0.4158
18	70589014	rs147276647	A	G	0.0005
18	70589060	rs202089033	T	G	-1
18	70589061	rs34467996	G	GA	-1
18	70589061	rs201049728	G	GA	-1
18	70589061	rs5826219	GA	G	-1
18	70589073	rs200435456	A	T	-1
18	70589076	rs72972452	G	A	0.1291
18	70589194	rs185236402	C	T	0.0005
18	70589448	rs139112271	C	T	0.006
18	70589449	rs190136245	C	T	0.0023
18	70589533	rs17086575	C	T	0.011
18	70589543	rs149406501	G	T	0.0009
18	70589552	rs181972988	T	C	0.0009
18	70589586	rs144781416	C	T	0.0018
18	70589713	rs186198968	T	A	0.0009
18	70589720	rs188336312	C	A	0.0027
18	70589723	rs148598110	T	C	0.0023
18	70589726	rs180852224	A	G	0.0005
18	70589869	rs141996574	G	A	0.0005
18	70589895	rs145950370	C	T	0.005
18	70589952	rs184914710	C	T	0.0005
18	70589965	rs191242979	A	G	0.0027
18	70590044	rs1943665	G	C	-1
18	70590050	rs2156095	C	T	0.092
18	70590296	rs78014553	A	G	0.0027
18	70590377	rs183149365	T	C	0.0041
18	70590425	rs139822359	A	C	0.0009
18	70590435	rs143137816	C	T	0.0046
18	70590486	rs186869943	G	C	0.0005
18	70590582	rs78182102	C	T	-1
18	70590711	rs146696933	A	G	0.0023
18	70591001	rs117201437	C	T	0.005
18	70591044	rs112694278	C	T	0.0073
18	70591045	rs139069475	G	A	0.0009
18	70591073	rs191766384	C	G	0.0018
18	70591103	rs113401026	C	T	-1
18	70591211	rs118057018	T	A	0.0005
18	70591249	rs149941121	C	A	0.0023
18	70591279	rs2156094	G	A	0.429
18	70591281	rs183546959	C	T	0.0009
18	70591292	rs2156093	G	A	0.4304
18	70591329	rs144997650	C	T	0.0087
18	70591369	rs187890386	G	A	0.0009
18	70591426	rs12605300	C	T	0.1364
18	70591519	rs76332642	T	C	0.0005
18	70591869	rs146116770	C	T	-1
18	70591883	rs192370399	A	T	0.0005
18	70592110	rs147841166	C	T	0.0005
18	70592285	rs1942447	CA	C,CG	-1
18	70592285	rs71166437	CA	C,CAG	-1
18	70592285	rs142952540	CAG	C	-1
18	70592286	rs71372424	A	G	-1
18	70592287	rs35517750	GA	G	0.3457
18	70592288	rs199551993	A	G	-1
18	70592333	rs8096800	A	G,T	0.4927
18	70592352	rs114462067	A	G	0.0842
18	70592369	rs182338363	G	A	0.0005
18	70592431	rs28569282	C	T	0.4313
18	70592519	rs142353623	T	C	0.0046
18	70592565	rs8097545	G	A,T	0.4899
18	70592619	rs114472718	A	G	0.0027
18	70592665	rs28412144	G	A	0.1392
18	70592671	rs146288364	C	T	0.0014
18	70592743	rs56112370	T	C	0.1383
18	70592846	rs148335750	G	A	0.0032
18	70592858	rs8098742	T	C	0.429
18	70592958	rs62105360	C	T	0.0151
18	70593120	rs8098079	C	A	0.3072
18	70593121	rs138264398	G	A	0.0009
18	70593123	rs6566682	A	G	0.4043
18	70593150	rs67965919	T	C	0.0884
18	70593182	rs201092420	C	A	-1
18	70593182	rs35086044	C	CA	-1
18	70593182	rs11407861	C	CA	-1
18	70593352	rs2226747	T	G	-1
18	70593450	rs187741247	G	A	0.0005
18	70593511	rs9957489	C	T	0.0069
18	70593600	rs149606332	C	T	0.0027
18	70593634	rs146160627	T	G	0.0014
18	70593780	rs76341846	G	C	0.005
18	70593813	rs77151056	G	A	0.0307
18	70593839	rs77417733	C	A	0.0005
18	70593853	rs140158844	C	A	0.0005
18	70593967	rs141538435	G	T	0.0046
18	70594006	rs142120144	C	CG	0.0307
18	70594144	rs146179118	G	A	0.0018
18	70594198	rs76980179	A	T	0.0911
18	70594202	rs12605069	T	G	0.1291
18	70594241	rs115772479	A	G	0.0009
18	70594371	rs148440982	C	T	0.0046
18	70594442	rs12607157	G	A	0.0701
18	70594492	rs192749334	A	G	0.0018
18	70594523	rs114524283	C	T	0.0064
18	70594555	rs117927538	C	A	0.006
18	70594573	rs73476013	G	A	0.0018
18	70594620	rs11151809	C	T	0.4016
18	70594650	rs139577248	G	A	0.0014
18	70594653	rs144380051	A	G	0.0027
18	70594666	rs116816741	C	T	0.0133
18	70594752	rs77519661	G	A	-1
18	70594755	rs147851044	G	A	0.0307
18	70594833	rs11663889	G	T	0.1342
18	70594843	rs60602535	G	A	0.1387
18	70594925	rs117843211	A	C	0.0169
18	70594929	rs79811221	A	G	-1
18	70594991	rs12455211	T	C	0.4016
18	70595022	rs75676591	G	A	0.0124
18	70595148	rs35753380	A	G	0.006
18	70595201	rs145698436	A	G	0.0014
18	70595296	rs148964408	A	G	0.0014
18	70595299	rs184809427	G	T	0.0005
18	70595358	rs34877065	TG	T	0.4199
18	70595359	rs202225051	G	T	-1
18	70595360	rs201390397	G	T	-1
18	70595401	rs62105362	C	A	-1
18	70595434	rs143719298	C	T	0.0027
18	70595443	rs190129412	G	T	0.0009
18	70595472	rs148106669	T	G	0.0014
18	70595477	rs12607767	C	T	0.1671
18	70595486	rs192078506	G	A	0.0014
18	70595529	rs184173264	T	A	0.0005
18	70595590	rs142962221	A	G	0.0005
18	70595615	rs145088595	C	T	0.0005
18	70595682	rs189359326	A	C	0.0005
18	70595850	rs181771558	G	C	0.0005
18	70595896	rs184425619	A	T	0.0009
18	70595927	rs189357025	G	T	0.0009
18	70595943	rs181408486	C	T	0.0005
18	70595949	rs186467753	C	A	0.0005
18	70595998	rs190831054	C	G	0.0005
18	70596013	rs181613601	A	G	0.0009
18	70596015	rs139036187	G	C	0.0018
18	70596044	rs9953756	T	C	0.4016
18	70596091	rs142240529	T	C	0.0018
18	70596106	rs72972468	A	T	-1
18	70596279	rs185946042	C	T	0.0005
18	70596327	rs191106286	G	A	0.0005
18	70596394	rs183284070	C	T	0.0005
18	70596462	rs137887069	T	G	0.0009
18	70596474	rs11151810	C	A	0.0078
18	70596563	rs187689765	C	T	0.0009
18	70596582	rs10871707	A	T	0.402
18	70596598	rs143963271	T	C	0.0023
18	70596641	rs114434914	C	T	0.0252
18	70596660	rs77338706	A	T	0.0261
18	70596678	rs148625695	A	T	0.0005
18	70596695	rs144455648	C	T	0.0064
18	70596696	rs190972711	T	C	0.0009
18	70596724	rs77451275	C	T	0.0307
18	70596821	rs76537938	C	T	0.0087
18	70596893	rs183180040	G	C	0.0023
18	70596933	rs147404201	C	T	0.0027
18	70596946	rs139797454	A	T	0.0037
18	70596950	rs145289047	G	A	0.0023
18	70597174	rs140458477	C	T	0.0005
18	70597191	rs57881039	C	A	0.1364
18	70597211	rs77644724	G	T	-1
18	70597246	rs149971907	A	G	0.0014
18	70597322	rs188272394	A	G	0.0005
18	70597358	rs145254122	A	G	0.0005
18	70597451	rs191510970	T	A	0.0046
18	70597472	rs12958931	T	C	0.4396
18	70597480	rs55789980	C	T	0.1346
18	70597510	rs66785170	T	C	0.0742
18	70597558	rs111341193	C	T	-1
18	70597595	rs111805371	T	C	-1
18	70597631	rs138942783	A	T	0.0041
18	70597704	rs140734816	T	C	0.0005
18	70597869	rs72634475	T	A	0.0298
18	70598015	rs58591510	G	C	0.0046
18	70598122	rs2156491	T	C	0.4277
18	70598123	rs76238761	G	A	0.0133
18	70598314	rs115930777	A	G	0.0137
18	70598566	rs34340806	T	TC	-1
18	70598763	rs113288667	T	G	-1
18	70598905	rs143826562	A	G	0.0041
18	70598909	rs2187110	T	C	0.4203
18	70598997	rs184390865	G	C	0.0009
18	70599089	rs187274029	A	G	0.0046
18	70599113	rs192608166	T	C	0.0005
18	70599211	rs2156100	A	T	0.4876
18	70599213	rs56211034	A	T	-1
18	70599258	rs185614077	T	C	0.0009
18	70599563	rs189328204	G	A	0.0009
18	70599585	rs35933812	G	GC	-1
18	70599709	rs35209950	A	AC	-1
18	70599932	rs2187111	C	T	0.2995
